{
	"info": {
		"_postman_id": "192b6e08-2be9-4699-b9c4-58c0d6b864c5",
		"name": "Gestion Vuelos",
		"schema": "https://schema.getpostman.com/json/collection/v2.0.0/collection.json",
		"_exporter_id": "41654976"
	},
	"item": [
		{
			"name": "Mostrar Vuelos",
			"request": {
				"method": "GET",
				"header": [],
				"url": "localhost:8080/agency/flights"
			},
			"response": []
		},
		{
			"name": "Buscar Vuelo",
			"request": {
				"method": "GET",
				"header": [],
				"url": "localhost:8080/agency/flights/5"
			},
			"response": []
		},
		{
			"name": "Agregar Vuelo",
			"request": {
				"method": "POST",
				"header": [],
				"body": {
					"mode": "raw",
					"raw": "{\r\n    \"Num_vuelo\": \"CAME-0321\",\r\n    \"Origen\": \"Cartagena\",\r\n    \"Destino\": \"Medellín\",\r\n    \"Tipo Asiento\": \"ECONOMY\",\r\n    \"Precio por persona €\": 780,\r\n    \"Fecha Ida\": \"10/05/2025\",\r\n    \"Fecha Vuelta\": \"23/05/2025\"\r\n}",
					"options": {
						"raw": {
							"language": "json"
						}
					}
				},
				"url": "localhost:8080/agency/flights/new"
			},
			"response": []
		},
		{
			"name": "Actualizar Vuelo",
			"request": {
				"method": "PUT",
				"header": [],
				"body": {
					"mode": "raw",
					"raw": "{\r\n    \"Origen\": \"Caracas\",\r\n    \"Destino\": \"Melilla\",\r\n    \"Tipo Asiento\": \"ECONOMY\",\r\n    \"Precio por persona €\": 561.0,\r\n    \"Fecha Ida\": \"14/06/2025\",\r\n    \"Fecha Vuelta\": \"20/06/2025\"\r\n}",
					"options": {
						"raw": {
							"language": "json"
						}
					}
				},
				"url": "localhost:8080/agency/flights/edit/5"
			},
			"response": []
		},
		{
			"name": "Eliminar Vuelo",
			"request": {
				"method": "DELETE",
				"header": [],
				"url": "localhost:8080/agency/flights/delete/1"
			},
			"response": []
		},
		{
			"name": "Mostrar Vuelos Disponibles",
			"request": {
				"method": "GET",
				"header": [],
				"url": {
					"raw": "localhost:8080/agency/flights?dateFrom=01/01/2025&dateTo=20/05/2025&origin=Barcelona&destination=Madrid",
					"host": [
						"localhost"
					],
					"port": "8080",
					"path": [
						"agency",
						"flights"
					],
					"query": [
						{
							"key": "dateFrom",
							"value": "01/01/2025"
						},
						{
							"key": "dateTo",
							"value": "20/05/2025"
						},
						{
							"key": "origin",
							"value": "Barcelona"
						},
						{
							"key": "destination",
							"value": "Madrid"
						}
					]
				}
			},
			"response": []
		}
	]
}