{
	"info": {
		"_postman_id": "df427aac-760b-4766-93b2-5559098ee8be",
		"name": "Gestion Habitacion Hotel",
		"schema": "https://schema.getpostman.com/json/collection/v2.0.0/collection.json",
		"_exporter_id": "41654976"
	},
	"item": [
		{
			"name": "Crear Habitacion",
			"request": {
				"method": "POST",
				"header": [],
				"body": {
					"mode": "raw",
					"raw": "{\r\n    \"hotelId\":{\r\n        \"codHotel\": 1\r\n    },\r\n    \"empleadoId\": {\r\n       \"codEmpleado\": 1\r\n    },\r\n    \"Fecha Quedada\": \"14/08/2025\",\r\n    \"Fecha Salida\": \"28/08/2025\",\r\n    \"Tipo Habitacion\": \"MULTIPLE\",\r\n    \"Precio Habit. €\": 7833\r\n}",
					"options": {
						"raw": {
							"language": "json"
						}
					}
				},
				"url": "localhost:8080/agency/room-booking/new"
			},
			"response": []
		},
		{
			"name": "Ver Habitaciones",
			"request": {
				"method": "GET",
				"header": [],
				"url": {
					"raw": "localhost:8080/agency/rooms?dateFrom=01/01/2025&dateTo=20/12/2025&destination=Miami",
					"host": [
						"localhost"
					],
					"port": "8080",
					"path": [
						"agency",
						"rooms"
					],
					"query": [
						{
							"key": "dateFrom",
							"value": "01/01/2025"
						},
						{
							"key": "dateTo",
							"value": "20/12/2025"
						},
						{
							"key": "destination",
							"value": "Miami"
						}
					]
				}
			},
			"response": []
		}
	]
}