{
	"info": {
		"_postman_id": "dd7d308d-d2ce-41aa-9d55-8ad4044b761f",
		"name": "Gestion Hoteles",
		"schema": "https://schema.getpostman.com/json/collection/v2.0.0/collection.json",
		"_exporter_id": "41654976"
	},
	"item": [
		{
			"name": "Mostrar Hoteles",
			"request": {
				"method": "GET",
				"header": [],
				"url": "localhost:8080/agency/hotels"
			},
			"response": []
		},
		{
			"name": "Crear Hotel",
			"request": {
				"method": "POST",
				"header": [],
				"body": {
					"mode": "raw",
					"raw": "{\r\n    \"codhotel\": \"AR-0002\",\r\n    \"nombre\": \"Atlantis Resort\",\r\n    \"lugar\": \"Miami\"\r\n}",
					"options": {
						"raw": {
							"language": "json"
						}
					}
				},
				"url": "localhost:8080/agency/hotels/new"
			},
			"response": []
		},
		{
			"name": "Buscar Hotel",
			"request": {
				"method": "GET",
				"header": [],
				"url": "localhost:8080/agency/hotels/1"
			},
			"response": []
		},
		{
			"name": "Actualizar Hotel",
			"request": {
				"method": "PUT",
				"header": [],
				"body": {
					"mode": "raw",
					"raw": "{\r\n    \"nombre\": \"Atlantis Resort\",\r\n    \"lugar\": \"Barcelona\"\r\n}",
					"options": {
						"raw": {
							"language": "json"
						}
					}
				},
				"url": "localhost:8080/agency/hotels/edit/1"
			},
			"response": []
		},
		{
			"name": "Eliminacion Hotel",
			"request": {
				"method": "DELETE",
				"header": [],
				"url": "localhost:8080/agency/hotels/delete/1"
			},
			"response": []
		}
	]
}