{
	"info": {
		"_postman_id": "bbcadac8-6918-468a-bec5-a4d07bc8c012",
		"name": "Gestion Reservas Vuelo",
		"schema": "https://schema.getpostman.com/json/collection/v2.0.0/collection.json",
		"_exporter_id": "41654976"
	},
	"item": [
		{
			"name": "Agregar Reserva Vuelo",
			"request": {
				"method": "POST",
				"header": [],
				"body": {
					"mode": "raw",
					"raw": "{ \r\n  \"vueloId\": {\r\n   \"idvuelo\": 1\r\n  },\r\n  \"empleadoId\": {\r\n    \"codempleado\": 1\r\n  }\r\n}",
					"options": {
						"raw": {
							"language": "json"
						}
					}
				},
				"url": "localhost:8080/agency/flight-booking/new"
			},
			"response": []
		}
	]
}